qpu_sampling_time,qpu_anneal_time_per_sample,qpu_readout_time_per_sample,qpu_access_time,qpu_access_overhead_time,qpu_programming_time,qpu_delay_time_per_sample,post_processing_overhead_time,total_post_processing_time,problem_formulation_time,connection_time,embedding_time,response_time,sample_fetch_time,split_index,n
109900.0,20.0,69.32,125825.56,932.44,15925.56,20.58,80.0,80.0,0.0158383846282959,2.2832601070404053,0.06531429290771484,0.3512532711029053,0.0,37
96600.0,20.0,56.02,112526.36,840.64,15926.36,20.58,40.0,40.0,0.011101961135864258,2.2365612983703613,0.06316542625427246,0.03679990768432617,0.0,20
93000.0,20.0,52.42,108925.56,680.44,15925.56,20.58,47.0,47.0,0.0,2.1669132709503174,0.06988859176635742,0.0284271240234375,0.0,9
99180.0,20.0,58.6,115105.56,523.44,15925.56,20.58,59.0,59.0,0.0,2.0529568195343018,0.0568234920501709,0.016799449920654297,0.0,11
84920.0,20.0,44.34,100845.56,541.44,15925.56,20.58,20.0,20.0,0.0,2.0536539554595947,0.05785870552062988,0.020064592361450195,0.0,6
108380.0,20.0,67.8,124305.56,782.44,15925.56,20.58,1.0,1.0,0.007993459701538086,2.0162580013275146,0.059626102447509766,0.040677547454833984,0.0009913444519042969,17
73960.0,20.0,33.38,89885.56,690.44,15925.56,20.58,1.0,1.0,0.002037525177001953,2.011223077774048,0.07032442092895508,0.02534651756286621,0.0,8
82460.0,20.0,41.88,98385.96,642.04,15925.96,20.58,9.0,9.0,0.0,2.183279275894165,0.06636381149291992,0.03342413902282715,0.0,9
83960.0,20.0,43.38,99885.56,513.44,15925.56,20.58,1.0,1.0,0.0,2.1466915607452393,0.06644535064697266,0.020131349563598633,0.0,6
