qpu_sampling_time,qpu_anneal_time_per_sample,qpu_readout_time_per_sample,qpu_access_time,qpu_access_overhead_time,qpu_programming_time,qpu_delay_time_per_sample,post_processing_overhead_time,total_post_processing_time,problem_formulation_time,connection_time,embedding_time,response_time,sample_fetch_time,split_index,n
119320.0,20.0,78.74,135076.76,1751.24,15756.76,20.58,1.0,1.0,0.019888877868652344,2.116337299346924,0.047286033630371094,0.0985860824584961,0.0,26
84600.0,20.0,44.02,100525.96,670.04,15925.96,20.58,1.0,1.0,0.0,2.076542377471924,0.05009889602661133,0.03394961357116699,0.0,11
85860.0,20.0,45.28,101785.96,1133.04,15925.96,20.58,1.0,1.0,0.0,1.9615952968597412,0.04109668731689453,0.03313946723937988,0.0,6
162760.0,20.0,122.18,178518.36,1268.64,15758.36,20.58,1.0,1.0,0.0,1.915879726409912,0.05091571807861328,0.03448891639709473,0.0,15
83840.0,20.0,43.26,99765.56,502.44,15925.56,20.58,1.0,1.0,0.0,1.957791805267334,0.04685664176940918,0.01573038101196289,0.0,6
89560.0,20.0,48.98,105485.16,583.84,15925.16,20.58,62.0,62.0,0.0,2.142939567565918,0.04693460464477539,0.03400468826293945,0.0,9
87200.0,20.0,46.62,103125.56,498.44,15925.56,20.58,1.0,1.0,0.0,1.942230224609375,0.05346822738647461,0.03481864929199219,0.0,6
