qpu_sampling_time,qpu_anneal_time_per_sample,qpu_readout_time_per_sample,qpu_access_time,qpu_access_overhead_time,qpu_programming_time,qpu_delay_time_per_sample,post_processing_overhead_time,total_post_processing_time,problem_formulation_time,connection_time,embedding_time,response_time,sample_fetch_time,split_index,n
91320.0,20.0,50.74,107244.76,1155.24,15924.76,20.58,21.0,21.0,0.02081918716430664,1.9926092624664307,0.050020456314086914,0.19123578071594238,0.001009225845336914,34
96960.0,20.0,56.38,112885.56,865.44,15925.56,20.58,163.0,163.0,0.00411224365234375,2.167987823486328,0.05071306228637695,0.05000495910644531,0.0008852481842041016,19
96940.0,20.0,56.36,112865.56,543.44,15925.56,20.58,1.0,1.0,0.0,1.9935710430145264,0.06667852401733398,0.016707181930541992,0.0,9
86820.0,20.0,46.24,102745.56,566.44,15925.56,20.58,32.0,32.0,0.0,2.151665210723877,0.06467151641845703,0.020206928253173828,0.0,6
92300.0,20.0,51.72,108225.56,485.44,15925.56,20.58,1.0,1.0,0.0,2.0001022815704346,0.05029463768005371,0.03341197967529297,0.0,10
78920.0,20.0,38.34,94845.56,572.44,15925.56,20.58,1.0,1.0,0.015323162078857422,2.1205224990844727,0.05950927734375,0.02053689956665039,0.0,6
90000.0,20.0,49.42,105925.96,880.04,15925.96,20.58,1.0,1.0,0.0,2.1632049083709717,0.057352542877197266,0.03744912147521973,0.0,15
90520.0,20.0,49.94,106445.56,6503.44,15925.56,20.58,51.0,51.0,0.0,2.038058280944824,0.05002593994140625,0.0387415885925293,0.0002675056457519531,7
102260.0,20.0,61.68,118185.56,435.44,15925.56,20.58,50.0,50.0,0.0,2.1438398361206055,0.05010414123535156,0.03257441520690918,0.0010306835174560547,8
