qpu_sampling_time,qpu_anneal_time_per_sample,qpu_readout_time_per_sample,qpu_access_time,qpu_access_overhead_time,qpu_programming_time,qpu_delay_time_per_sample,post_processing_overhead_time,total_post_processing_time,problem_formulation_time,connection_time,embedding_time,response_time,sample_fetch_time,split_index,n
78280.0,20.0,37.7,94205.96,892.04,15925.96,20.58,1.0,1.0,0.0,2.2415034770965576,0.04376530647277832,0.07067704200744629,0.0,22
89160.0,20.0,48.58,105086.36,1448.64,15926.36,20.58,42.0,42.0,0.0,2.475843667984009,0.03648209571838379,0.030059337615966797,0.00252532958984375,9
74740.0,20.0,34.16,90666.36,372.64,15926.36,20.58,1.0,1.0,0.0,2.096309185028076,0.028347492218017578,0.031245708465576172,0.0,6
92920.0,20.0,52.34,108845.96,601.04,15925.96,20.58,49.0,49.0,0.0,2.096045970916748,0.0301361083984375,0.039823055267333984,0.0,13
92940.0,20.0,52.36,108866.36,421.64,15926.36,20.58,36.0,36.0,0.0,2.1314048767089844,0.03354787826538086,0.03322601318359375,0.0011470317840576172,6
85240.0,20.0,44.66,101166.36,657.64,15926.36,20.58,1.0,1.0,0.0,2.062551498413086,0.034184932708740234,0.0338282585144043,0.0,7
