qpu_sampling_time,qpu_anneal_time_per_sample,qpu_readout_time_per_sample,qpu_access_time,qpu_access_overhead_time,qpu_programming_time,qpu_delay_time_per_sample,post_processing_overhead_time,total_post_processing_time,problem_formulation_time,connection_time,embedding_time,response_time,sample_fetch_time,split_index,n
88820.0,20.0,48.24,104745.96,973.04,15925.96,20.58,1.0,1.0,0.012437582015991211,2.0824778079986572,0.05095815658569336,0.0877375602722168,0.0,24
91680.0,20.0,51.1,107605.56,610.44,15925.56,20.58,1.0,1.0,0.01571822166442871,1.9764997959136963,0.05097079277038574,0.03178119659423828,0.0006213188171386719,10
100000.0,20.0,59.42,115757.16,845.84,15757.16,20.58,1.0,1.0,0.0,1.894181251525879,0.0473785400390625,0.031358957290649414,0.0,6
98520.0,20.0,57.94,114445.96,752.04,15925.96,20.58,1.0,1.0,0.0,2.114316701889038,0.05025458335876465,0.036330461502075195,0.0,14
103120.0,20.0,62.54,118877.56,1359.44,15757.56,20.58,80.0,80.0,0.011110544204711914,2.0938212871551514,0.04717731475830078,0.02283954620361328,0.0,6
88460.0,20.0,47.88,104385.56,536.44,15925.56,20.58,76.0,76.0,0.0,1.947735071182251,0.05259132385253906,0.01571369171142578,0.0,8
