qpu_sampling_time,qpu_anneal_time_per_sample,qpu_readout_time_per_sample,qpu_access_time,qpu_access_overhead_time,qpu_programming_time,qpu_delay_time_per_sample,post_processing_overhead_time,total_post_processing_time,problem_formulation_time,connection_time,embedding_time,response_time,sample_fetch_time,split_index,n
145360.0,20.0,104.78,161287.16,970.84,15927.16,20.58,1.0,1.0,0.012521743774414062,2.147704839706421,0.058936357498168945,0.26870059967041016,0.0009999275207519531,39
112440.0,20.0,71.86,128366.36,809.64,15926.36,20.58,51.0,51.0,0.0034074783325195312,2.172454833984375,0.06462287902832031,0.05102658271789551,0.0009069442749023438,19
92280.0,20.0,51.7,108206.36,479.64,15926.36,20.58,27.0,27.0,0.002099752426147461,2.3334438800811768,0.06067013740539551,0.027436017990112305,0.000997304916381836,9
89980.0,20.0,49.4,105906.36,527.64,15926.36,20.58,1.0,1.0,0.0020177364349365234,2.139193058013916,0.058832406997680664,0.029660940170288086,0.00037789344787597656,10
86920.0,20.0,46.34,102846.36,525.64,15926.36,20.58,1.0,1.0,0.002015352249145508,2.200479030609131,0.06034255027770996,0.02671527862548828,0.0,7
94900.0,20.0,54.32,110826.36,728.64,15926.36,20.58,33.0,33.0,0.0045392513275146484,2.075875997543335,0.05915641784667969,0.047801971435546875,0.0,20
88040.0,20.0,47.46,103966.36,497.64,15926.36,20.58,1.0,1.0,0.0023157596588134766,2.1747820377349854,0.05866503715515137,0.029347658157348633,0.0011138916015625,11
84680.0,20.0,44.1,100606.36,529.64,15926.36,20.58,31.0,31.0,0.0009698867797851562,2.093106985092163,0.06016802787780762,0.02641153335571289,0.0010061264038085938,6
90600.0,20.0,50.02,106526.36,601.64,15926.36,20.58,1.0,1.0,0.0020036697387695312,2.2650415897369385,0.06433320045471191,0.028919219970703125,0.0,9
