qpu_sampling_time,qpu_anneal_time_per_sample,qpu_readout_time_per_sample,qpu_access_time,qpu_access_overhead_time,qpu_programming_time,qpu_delay_time_per_sample,post_processing_overhead_time,total_post_processing_time,problem_formulation_time,connection_time,embedding_time,response_time,sample_fetch_time,split_index,n
101660.0,20.0,61.08,117586.36,726.64,15926.36,20.58,1.0,1.0,0.005998373031616211,2.090937852859497,0.04355502128601074,0.08797144889831543,0.000978708267211914,26
93260.0,20.0,52.68,109186.36,669.64,15926.36,20.58,1.0,1.0,0.0030167102813720703,1.9751791954040527,0.04600119590759277,0.029973268508911133,0.0010287761688232422,9
92400.0,20.0,51.82,108326.36,925.64,15926.36,20.58,1.0,1.0,0.004514455795288086,2.1139235496520996,0.050664663314819336,0.04908394813537598,0.0,17
78620.0,20.0,38.04,94546.36,10093.64,15926.36,20.58,1.0,1.0,0.0019998550415039062,3.0165224075317383,0.04636645317077637,0.03098130226135254,0.0010004043579101562,8
86460.0,20.0,45.88,102386.36,351.64,15926.36,20.58,1.0,1.0,0.0040531158447265625,2.121711492538452,0.04267406463623047,0.024775028228759766,0.0,6
80640.0,20.0,40.06,96566.76,861.24,15926.76,20.58,1.0,1.0,0.0027413368225097656,2.2209346294403076,0.05255770683288574,0.029038190841674805,0.0,9
89340.0,20.0,48.76,105266.36,498.64,15926.36,20.58,22.0,22.0,0.0020036697387695312,2.673478841781616,0.04684281349182129,0.02535867691040039,0.0,6
