qpu_sampling_time,qpu_anneal_time_per_sample,qpu_readout_time_per_sample,qpu_access_time,qpu_access_overhead_time,qpu_programming_time,qpu_delay_time_per_sample,post_processing_overhead_time,total_post_processing_time,problem_formulation_time,connection_time,embedding_time,response_time,sample_fetch_time,split_index,n
119940.0,20.0,79.36,135867.56,1249.44,15927.56,20.58,61.0,61.0,0.013466835021972656,2.26948618888855,0.06445622444152832,0.13749170303344727,0.0,24
87360.0,20.0,46.78,103286.76,762.24,15926.76,20.58,1.0,1.0,0.0,2.2479734420776367,0.04393434524536133,0.028237581253051758,0.0010559558868408203,9
90420.0,20.0,49.84,106346.36,6811.64,15926.36,20.58,1.0,1.0,0.002068042755126953,2.2429697513580322,0.049980878829956055,0.024299144744873047,0.0009241104125976562,6
95700.0,20.0,55.12,111626.36,828.64,15926.36,20.58,1.0,1.0,0.0,2.982600212097168,0.03340721130371094,0.04995465278625488,0.0006501674652099609,15
81520.0,20.0,40.94,97446.36,465.64,15926.36,20.58,86.0,86.0,0.002009153366088867,2.0953996181488037,0.043581485748291016,0.022930622100830078,0.0,7
97760.0,20.0,57.18,113686.36,538.64,15926.36,20.58,27.0,27.0,0.0,2.1160871982574463,0.049744367599487305,0.025915861129760742,0.015295982360839844,8
