qpu_sampling_time,qpu_anneal_time_per_sample,qpu_readout_time_per_sample,qpu_access_time,qpu_access_overhead_time,qpu_programming_time,qpu_delay_time_per_sample,post_processing_overhead_time,total_post_processing_time,problem_formulation_time,connection_time,embedding_time,response_time,sample_fetch_time,split_index,n
90000.0,20.0,49.42,105925.96,1030.04,15925.96,20.58,1.0,1.0,0.004571199417114258,1.9632303714752197,0.05311918258666992,0.1634974479675293,0.0,31
93500.0,20.0,52.92,109425.16,759.84,15925.16,20.58,32.0,32.0,0.0,1.9647109508514404,0.05191493034362793,0.032742977142333984,0.0,14
91600.0,20.0,51.02,107525.56,796.44,15925.56,20.58,22.0,22.0,0.0,2.0996837615966797,0.0505063533782959,0.020663738250732422,0.0006504058837890625,7
89320.0,20.0,48.74,105245.56,394.44,15925.56,20.58,1.0,1.0,0.0,2.0032715797424316,0.04638528823852539,0.033267974853515625,0.0009953975677490234,7
91520.0,20.0,50.94,107445.56,503.44,15925.56,20.58,41.0,41.0,0.0038771629333496094,2.1302437782287598,0.0627896785736084,0.036704301834106445,0.0,17
112720.0,20.0,72.14,128477.56,1504.44,15757.56,20.58,1.0,1.0,0.0,1.9636023044586182,0.04998588562011719,0.01684737205505371,0.0,7
86840.0,20.0,46.26,102765.56,467.44,15925.56,20.58,1.0,1.0,0.0,1.9320368766784668,0.06607913970947266,0.020314931869506836,0.0010995864868164062,6
82700.0,20.0,42.12,98625.56,386.44,15925.56,20.58,75.0,75.0,0.0,1.9630234241485596,0.05318617820739746,0.030185699462890625,0.0,10
78400.0,20.0,37.82,94157.56,874.44,15757.56,20.58,1.0,1.0,0.0,2.150017499923706,0.048729896545410156,0.03316783905029297,0.0,6
