qpu_sampling_time,qpu_anneal_time_per_sample,qpu_readout_time_per_sample,qpu_access_time,qpu_access_overhead_time,qpu_programming_time,qpu_delay_time_per_sample,post_processing_overhead_time,total_post_processing_time,problem_formulation_time,connection_time,embedding_time,response_time,sample_fetch_time,split_index,n
98520.0,20.0,57.94,114446.76,1010.24,15926.76,20.58,1.0,1.0,0.00722050666809082,2.066575527191162,0.036772966384887695,0.09630727767944336,0.0010082721710205078,25
92160.0,20.0,51.58,108085.96,929.04,15925.96,20.58,62.0,62.0,0.0013947486877441406,2.133582830429077,0.04860687255859375,0.03406500816345215,0.0,9
86440.0,20.0,45.86,102367.16,752.84,15927.16,20.58,9.0,9.0,0.002997159957885742,2.1357760429382324,0.06012773513793945,0.049568891525268555,0.010958671569824219,16
87740.0,20.0,47.16,103666.36,434.64,15926.36,20.58,1.0,1.0,0.0029981136322021484,2.07879900932312,0.05205821990966797,0.03241086006164551,0.0,8
79400.0,20.0,38.82,95326.36,439.64,15926.36,20.58,42.0,42.0,0.015516996383666992,2.081587076187134,0.05161929130554199,0.017671585083007812,0.0010020732879638672,6
91100.0,20.0,50.52,107026.36,379.64,15926.36,20.58,1.0,1.0,0.0020165443420410156,1.931938648223877,0.04133439064025879,0.026037931442260742,0.0,8
