qpu_sampling_time,qpu_anneal_time_per_sample,qpu_readout_time_per_sample,qpu_access_time,qpu_access_overhead_time,qpu_programming_time,qpu_delay_time_per_sample,post_processing_overhead_time,total_post_processing_time,problem_formulation_time,connection_time,embedding_time,response_time,sample_fetch_time,split_index,n
108240.0,20.0,67.66,124164.76,836.24,15924.76,20.58,1.0,1.0,0.00944066047668457,4.1274096965789795,0.05209779739379883,0.20713067054748535,0.0,35
95300.0,20.0,54.72,111226.36,702.64,15926.36,20.58,1.0,1.0,0.003008127212524414,2.2915167808532715,0.052855491638183594,0.04974079132080078,0.0011086463928222656,19
90000.0,20.0,49.42,105926.36,589.64,15926.36,20.58,1.0,1.0,0.0021202564239501953,2.28733491897583,0.05624699592590332,0.029565811157226562,0.001192331314086914,9
91320.0,20.0,50.74,107246.36,737.64,15926.36,20.58,1.0,1.0,0.0030014514923095703,2.2673444747924805,0.05855894088745117,0.030290603637695312,0.0,10
89220.0,20.0,48.64,105146.36,487.64,15926.36,20.58,1.0,1.0,0.002121448516845703,2.3024961948394775,0.08229994773864746,0.046266794204711914,0.0010142326354980469,6
98860.0,20.0,58.28,114786.36,798.64,15926.36,20.58,1.0,1.0,0.003000974655151367,2.1183407306671143,0.052934885025024414,0.03972172737121582,0.000993967056274414,16
88840.0,20.0,48.26,104766.36,389.64,15926.36,20.58,1.0,1.0,0.002113819122314453,2.267103433609009,0.05191302299499512,0.02809929847717285,0.00099945068359375,8
84500.0,20.0,43.92,100426.36,523.64,15926.36,20.58,1.0,1.0,0.0019996166229248047,2.2309014797210693,0.052439212799072266,0.027304649353027344,0.0009982585906982422,8
