qpu_sampling_time,qpu_anneal_time_per_sample,qpu_readout_time_per_sample,qpu_access_time,qpu_access_overhead_time,qpu_programming_time,qpu_delay_time_per_sample,post_processing_overhead_time,total_post_processing_time,problem_formulation_time,connection_time,embedding_time,response_time,sample_fetch_time,split_index,n
135400.0,20.0,94.82,151327.96,841.04,15927.96,20.58,14.0,14.0,0.008505821228027344,2.2190935611724854,0.048053741455078125,0.1349620819091797,0.0,31
130100.0,20.0,89.52,146026.76,803.24,15926.76,20.58,30.0,30.0,0.003030538558959961,2.211196184158325,0.045682668685913086,0.04072880744934082,0.0,17
85240.0,20.0,44.66,101166.36,739.64,15926.36,20.58,1.0,1.0,0.0020062923431396484,2.243417263031006,0.0462031364440918,0.02634406089782715,0.0,7
93240.0,20.0,52.66,109166.36,617.64,15926.36,20.58,1.0,1.0,0.001922607421875,2.296069383621216,0.04708266258239746,0.027019739151000977,0.001422882080078125,10
98020.0,20.0,57.44,113946.36,493.64,15926.36,20.58,29.0,29.0,0.004079580307006836,2.086036205291748,0.04804515838623047,0.03804802894592285,0.0,14
73060.0,20.0,32.48,88986.36,464.64,15926.36,20.58,69.0,69.0,0.0026047229766845703,3.444873571395874,0.047744035720825195,0.027359485626220703,0.0019845962524414062,7
91240.0,20.0,50.66,107166.36,492.64,15926.36,20.58,20.0,20.0,0.00691986083984375,2.104963779449463,0.04858255386352539,0.02544856071472168,0.0010080337524414062,7
