qpu_sampling_time,qpu_anneal_time_per_sample,qpu_readout_time_per_sample,qpu_access_time,qpu_access_overhead_time,qpu_programming_time,qpu_delay_time_per_sample,post_processing_overhead_time,total_post_processing_time,problem_formulation_time,connection_time,embedding_time,response_time,sample_fetch_time,split_index,n
102460.0,20.0,61.88,118386.36,796.64,15926.36,20.58,1.0,1.0,0.009486675262451172,2.118303060531616,0.04892873764038086,0.1712958812713623,0.0,33
93300.0,20.0,52.72,109225.96,811.04,15925.96,20.58,131.0,131.0,0.004999876022338867,1.9980628490447998,0.05254650115966797,0.04600024223327637,0.0,18
104260.0,20.0,63.68,120186.36,368.64,15926.36,20.58,1.0,1.0,0.002981901168823242,1.9632718563079834,0.05304074287414551,0.027046680450439453,0.000986337661743164,9
81800.0,20.0,41.22,97726.76,571.24,15926.76,20.58,1.0,1.0,0.002089262008666992,2.34924578666687,0.04806184768676758,0.0285491943359375,0.0009799003601074219,9
109640.0,20.0,69.06,125566.36,649.64,15926.36,20.58,25.0,25.0,0.003999233245849609,2.0848143100738525,0.05054807662963867,0.040152549743652344,0.00099945068359375,15
91120.0,20.0,50.54,107046.36,451.64,15926.36,20.58,1.0,1.0,0.0019390583038330078,2.2303216457366943,0.05447101593017578,0.024938106536865234,0.0010037422180175781,7
84620.0,20.0,44.04,100546.36,564.64,15926.36,20.58,38.0,38.0,0.002003192901611328,2.1323084831237793,0.05293703079223633,0.029277324676513672,0.0,8
