qpu_sampling_time,qpu_anneal_time_per_sample,qpu_readout_time_per_sample,qpu_access_time,qpu_access_overhead_time,qpu_programming_time,qpu_delay_time_per_sample,post_processing_overhead_time,total_post_processing_time,problem_formulation_time,connection_time,embedding_time,response_time,sample_fetch_time,split_index,n
89240.0,20.0,48.66,105165.96,989.04,15925.96,20.58,21.0,21.0,0.015744447708129883,1.9555633068084717,0.04655599594116211,0.053726911544799805,0.0,19
96820.0,20.0,56.24,112744.76,904.24,15924.76,20.58,30.0,30.0,0.01564192771911621,1.949298620223999,0.031647443771362305,0.03706240653991699,0.0,10
82580.0,20.0,42.0,98337.16,1561.84,15757.16,20.58,24.0,24.0,0.0025115013122558594,2.1269938945770264,0.03929543495178223,0.0311434268951416,0.0,6
82680.0,20.0,42.1,98605.56,873.44,15925.56,20.58,34.0,34.0,0.0,2.968893527984619,0.03125619888305664,0.0366663932800293,0.0,9
