qpu_sampling_time,qpu_anneal_time_per_sample,qpu_readout_time_per_sample,qpu_access_time,qpu_access_overhead_time,qpu_programming_time,qpu_delay_time_per_sample,post_processing_overhead_time,total_post_processing_time,problem_formulation_time,connection_time,embedding_time,response_time,sample_fetch_time,split_index,n
94180.0,20.0,53.6,110105.16,8172.84,15925.16,20.58,1.0,1.0,0.0,2.1181559562683105,0.031317710876464844,0.05312395095825195,0.0,8
101780.0,20.0,61.2,117537.56,1545.44,15757.56,20.58,1.0,1.0,0.0,2.1241657733917236,0.03747057914733887,0.045805931091308594,0.0,10
70400.0,20.0,29.82,86325.56,892.44,15925.56,20.58,1.0,1.0,0.0,2.100050449371338,0.032923221588134766,0.029245853424072266,0.0,6
