qpu_sampling_time,qpu_anneal_time_per_sample,qpu_readout_time_per_sample,qpu_access_time,qpu_access_overhead_time,qpu_programming_time,qpu_delay_time_per_sample,post_processing_overhead_time,total_post_processing_time,problem_formulation_time,connection_time,embedding_time,response_time,sample_fetch_time,split_index,n
106400.0,20.0,65.82,122327.16,831.84,15927.16,20.58,1.0,1.0,0.012199878692626953,2.2519123554229736,0.06690144538879395,0.30302929878234863,0.0010018348693847656,40
97280.0,20.0,56.7,113206.76,687.24,15926.76,20.58,1.0,1.0,0.0035355091094970703,2.348111867904663,0.06549191474914551,0.05409383773803711,0.0,20
83640.0,20.0,43.06,99566.36,634.64,15926.36,20.58,1.0,1.0,0.0019974708557128906,2.3319756984710693,0.05837392807006836,0.029717206954956055,0.0009975433349609375,9
89360.0,20.0,48.78,105286.36,614.64,15926.36,20.58,1.0,1.0,0.002505779266357422,2.3369791507720947,0.06357455253601074,0.03291058540344238,0.0009932518005371094,11
76320.0,20.0,35.74,92246.36,694.64,15926.36,20.58,1.0,1.0,0.0015540122985839844,2.024155855178833,0.06776881217956543,0.026973962783813477,0.0010006427764892578,8
94640.0,20.0,54.06,110566.36,689.64,15926.36,20.58,1.0,1.0,0.004000425338745117,2.1401760578155518,0.06187939643859863,0.04980802536010742,0.0,20
99420.0,20.0,58.84,115346.36,399.64,15926.36,20.58,1.0,1.0,0.0019843578338623047,2.2541112899780273,0.0603945255279541,0.028784513473510742,0.0010013580322265625,11
82140.0,20.0,41.56,98066.36,531.64,15926.36,20.58,1.0,1.0,0.0021152496337890625,2.2775771617889404,0.06137561798095703,0.02575516700744629,0.0009853839874267578,7
117940.0,20.0,77.36,133702.76,753.24,15762.76,20.58,10.0,10.0,0.001251220703125,2.5116028785705566,0.06012845039367676,0.028380632400512695,0.0,9
