qpu_sampling_time,qpu_anneal_time_per_sample,qpu_readout_time_per_sample,qpu_access_time,qpu_access_overhead_time,qpu_programming_time,qpu_delay_time_per_sample,post_processing_overhead_time,total_post_processing_time,problem_formulation_time,connection_time,embedding_time,response_time,sample_fetch_time,split_index,n
130520.0,20.0,89.94,146445.96,619.04,15925.96,20.58,1.0,1.0,0.01620626449584961,2.1331000328063965,0.08297944068908691,0.15032672882080078,0.0006203651428222656,32
99120.0,20.0,58.54,115045.56,569.44,15925.56,20.58,1.0,1.0,0.003979206085205078,1.9806134700775146,0.04647493362426758,0.052934885025024414,0.0,18
87860.0,20.0,47.28,103785.56,496.44,15925.56,20.58,105.0,105.0,0.0,2.1325111389160156,0.050145864486694336,0.0379335880279541,0.0,8
101840.0,20.0,61.26,117597.56,1675.44,15757.56,20.58,1.0,1.0,0.0,2.133697986602783,0.049757957458496094,0.03355121612548828,0.0,10
94220.0,20.0,53.64,110145.56,676.44,15925.56,20.58,55.0,55.0,0.015273094177246094,2.133430242538452,0.05339956283569336,0.029906272888183594,0.0,14
84760.0,20.0,44.18,100685.56,507.44,15925.56,20.58,1.0,1.0,0.0,2.1501736640930176,0.04996681213378906,0.033353567123413086,0.0,7
82600.0,20.0,42.02,98525.56,449.44,15925.56,20.58,50.0,50.0,0.01613783836364746,2.0000245571136475,0.0500795841217041,0.01989436149597168,0.0,7
