qpu_sampling_time,qpu_anneal_time_per_sample,qpu_readout_time_per_sample,qpu_access_time,qpu_access_overhead_time,qpu_programming_time,qpu_delay_time_per_sample,post_processing_overhead_time,total_post_processing_time,problem_formulation_time,connection_time,embedding_time,response_time,sample_fetch_time,split_index,n
103600.0,20.0,63.02,119526.36,759.64,15926.36,20.58,24.0,24.0,0.0,2.76015567779541,0.0355532169342041,0.0807194709777832,0.0004634857177734375,23
88920.0,20.0,48.34,104846.36,626.64,15926.36,20.58,41.0,41.0,0.0007565021514892578,2.338604211807251,0.06202888488769531,0.03183174133300781,0.0009827613830566406,9
95180.0,20.0,54.6,111106.36,517.64,15926.36,20.58,1.0,1.0,0.0020003318786621094,1.9983510971069336,0.0486752986907959,0.02786731719970703,0.0009987354278564453,6
93260.0,20.0,52.68,109185.96,669.04,15925.96,20.58,51.0,51.0,0.004015684127807617,1.9138734340667725,0.028736114501953125,0.03330588340759277,0.001001119613647461,14
87420.0,20.0,46.84,103346.36,349.64,15926.36,20.58,1.0,1.0,0.0038063526153564453,2.1238207817077637,0.023234844207763672,0.04061603546142578,0.0,6
93620.0,20.0,53.04,109546.36,462.64,15926.36,20.58,1.0,1.0,0.0,2.2210683822631836,0.05127573013305664,0.027315139770507812,0.0,8
67320.0,20.0,26.74,83246.36,486.64,15926.36,20.58,22.0,22.0,0.0,2.498929023742676,0.06377315521240234,0.03701281547546387,0.015493154525756836,6
