qpu_sampling_time,qpu_anneal_time_per_sample,qpu_readout_time_per_sample,qpu_access_time,qpu_access_overhead_time,qpu_programming_time,qpu_delay_time_per_sample,post_processing_overhead_time,total_post_processing_time,problem_formulation_time,connection_time,embedding_time,response_time,sample_fetch_time,split_index,n
97960.0,20.0,57.38,113885.56,788.44,15925.56,20.58,1.0,1.0,0.007413625717163086,2.1094987392425537,0.043930768966674805,0.19466543197631836,0.0010106563568115234,27
85300.0,20.0,44.72,101226.36,474.64,15926.36,20.58,1.0,1.0,0.003065824508666992,2.062062978744507,0.044677734375,0.03861594200134277,0.0011174678802490234,15
88480.0,20.0,47.9,104406.36,581.64,15926.36,20.58,9.0,9.0,0.0013821125030517578,2.076711893081665,0.04348254203796387,0.02477860450744629,0.0010013580322265625,7
79340.0,20.0,38.76,95266.36,392.64,15926.36,20.58,20.0,20.0,0.0025348663330078125,2.0346624851226807,0.05020737648010254,0.02678227424621582,0.0,8
91720.0,20.0,51.14,107645.96,638.04,15925.96,20.58,14.0,14.0,0.003287792205810547,2.1127583980560303,0.04269218444824219,0.03758573532104492,0.0003135204315185547,12
79840.0,20.0,39.26,95766.36,495.64,15926.36,20.58,1.0,1.0,0.0020024776458740234,2.2750678062438965,0.04471588134765625,0.026428937911987305,0.0,7
