qpu_sampling_time,qpu_anneal_time_per_sample,qpu_readout_time_per_sample,qpu_access_time,qpu_access_overhead_time,qpu_programming_time,qpu_delay_time_per_sample,post_processing_overhead_time,total_post_processing_time,problem_formulation_time,connection_time,embedding_time,response_time,sample_fetch_time,split_index,n
81220.0,20.0,40.64,97146.76,1057.24,15926.76,20.58,1.0,1.0,0.005048990249633789,2.5747501850128174,0.031821489334106445,0.06944704055786133,0.0,20
94460.0,20.0,53.88,110386.76,728.24,15926.76,20.58,1.0,1.0,0.015563011169433594,2.21186900138855,0.03573441505432129,0.017621278762817383,0.0,9
89600.0,20.0,49.02,105527.16,693.84,15927.16,20.58,1.0,1.0,0.0,2.499239921569824,0.035303354263305664,0.01598954200744629,0.0,11
83100.0,20.0,42.52,99026.36,397.64,15926.36,20.58,14.0,14.0,0.0,2.1951892375946045,0.050183773040771484,0.016599178314208984,0.0,6
