qpu_sampling_time,qpu_anneal_time_per_sample,qpu_readout_time_per_sample,qpu_access_time,qpu_access_overhead_time,qpu_programming_time,qpu_delay_time_per_sample,post_processing_overhead_time,total_post_processing_time,problem_formulation_time,connection_time,embedding_time,response_time,sample_fetch_time,split_index,n
103980.0,20.0,63.4,119905.56,1867.44,15925.56,20.58,1.0,1.0,0.013508796691894531,2.1322062015533447,0.05846905708312988,0.35234546661376953,0.000990152359008789,38
122460.0,20.0,81.88,138386.76,729.24,15926.76,20.58,1.0,1.0,0.0034608840942382812,2.108271837234497,0.06584858894348145,0.04604196548461914,0.0010006427764892578,19
106940.0,20.0,66.36,122702.36,1127.64,15762.36,20.58,15.0,15.0,0.0019981861114501953,2.18918514251709,0.06479001045227051,0.029308557510375977,0.001001596450805664,9
87240.0,20.0,46.66,103166.76,768.24,15926.76,20.58,1.0,1.0,0.0019736289978027344,4.5545947551727295,0.06301379203796387,0.03224587440490723,0.00060272216796875,10
93460.0,20.0,52.88,109385.56,744.44,15925.56,20.58,37.0,37.0,0.0040149688720703125,2.2737789154052734,0.06121039390563965,0.05471968650817871,0.0,19
88180.0,20.0,47.6,104107.16,662.84,15927.16,20.58,1.0,1.0,0.0020003318786621094,2.2571053504943848,0.05839037895202637,0.03022599220275879,0.0004532337188720703,10
107040.0,20.0,66.46,122966.36,796.64,15926.36,20.58,54.0,54.0,0.002107381820678711,2.288240671157837,0.058498382568359375,0.0281832218170166,0.0009951591491699219,9
