qpu_sampling_time,qpu_anneal_time_per_sample,qpu_readout_time_per_sample,qpu_access_time,qpu_access_overhead_time,qpu_programming_time,qpu_delay_time_per_sample,post_processing_overhead_time,total_post_processing_time,problem_formulation_time,connection_time,embedding_time,response_time,sample_fetch_time,split_index,n
105320.0,20.0,64.74,121245.56,2034.44,15925.56,20.58,1.0,1.0,0.01510930061340332,2.001666784286499,0.06395912170410156,0.13609886169433594,0.0,30
90520.0,20.0,49.94,106446.36,863.64,15926.36,20.58,35.0,35.0,0.0007140636444091797,2.1166398525238037,0.05288052558898926,0.030028104782104492,0.01451420783996582,13
102340.0,20.0,61.76,118265.56,451.44,15925.56,20.58,1.0,1.0,0.0,2.0244452953338623,0.04192781448364258,0.03344893455505371,0.0011608600616455078,7
113200.0,20.0,72.62,128957.56,1357.44,15757.56,20.58,1.0,1.0,0.001996755599975586,2.1028106212615967,0.04990196228027344,0.029891490936279297,0.0010020732879638672,6
179440.0,20.0,138.86,195197.56,1029.44,15757.56,20.58,1.0,1.0,0.0034525394439697266,2.0838303565979004,0.050057172775268555,0.04977011680603027,0.0,17
83920.0,20.0,43.34,99845.56,474.44,15925.56,20.58,29.0,29.0,0.0,2.0002596378326416,0.061112165451049805,0.021794795989990234,0.01468801498413086,7
93480.0,20.0,52.9,109405.56,614.44,15925.56,20.58,44.0,44.0,0.0,1.9667870998382568,0.050023794174194336,0.0402226448059082,0.0005450248718261719,10
88520.0,20.0,47.94,104445.56,417.44,15925.56,20.58,37.0,37.0,0.0,2.0166923999786377,0.05317950248718262,0.02951359748840332,0.0010066032409667969,6
