qpu_sampling_time,qpu_anneal_time_per_sample,qpu_readout_time_per_sample,qpu_access_time,qpu_access_overhead_time,qpu_programming_time,qpu_delay_time_per_sample,post_processing_overhead_time,total_post_processing_time,problem_formulation_time,connection_time,embedding_time,response_time,sample_fetch_time,split_index,n
88180.0,20.0,47.6,104105.96,1046.04,15925.96,20.58,31.0,31.0,0.019793033599853516,1.9277825355529785,0.046144723892211914,0.08421444892883301,0.0,25
89260.0,20.0,48.68,105185.56,647.44,15925.56,20.58,1.0,1.0,0.0,1.961745023727417,0.048959970474243164,0.019208669662475586,0.0,10
79140.0,20.0,38.56,95065.56,492.44,15925.56,20.58,1.0,1.0,0.0,1.9373738765716553,0.05344700813293457,0.031275033950805664,0.0,6
95620.0,20.0,55.04,111545.16,839.84,15925.16,20.58,1.0,1.0,0.0,1.9409668445587158,0.05381941795349121,0.03198814392089844,0.0,15
99360.0,20.0,58.78,115285.96,701.04,15925.96,20.58,29.0,29.0,0.0,1.933584213256836,0.0505218505859375,0.03125166893005371,0.0,6
100440.0,20.0,59.86,116365.56,810.44,15925.56,20.58,93.0,93.0,0.0,3.4590041637420654,0.05085492134094238,0.01735234260559082,0.0,9
