qpu_sampling_time,qpu_anneal_time_per_sample,qpu_readout_time_per_sample,qpu_access_time,qpu_access_overhead_time,qpu_programming_time,qpu_delay_time_per_sample,post_processing_overhead_time,total_post_processing_time,problem_formulation_time,connection_time,embedding_time,response_time,sample_fetch_time,split_index,n
140180.0,20.0,99.6,156106.36,927.64,15926.36,20.58,53.0,53.0,0.007002592086791992,1.923795223236084,0.04659867286682129,0.09871029853820801,0.0009965896606445312,28
96380.0,20.0,55.8,112306.36,881.64,15926.36,20.58,1.0,1.0,0.0030188560485839844,2.112046957015991,0.04632449150085449,0.04072761535644531,0.0,12
92080.0,20.0,51.5,108005.96,943.04,15925.96,20.58,1.0,1.0,0.0024394989013671875,2.246716022491455,0.04907989501953125,0.026009321212768555,0.0010173320770263672,7
94980.0,20.0,54.4,110906.76,880.24,15926.76,20.58,1.0,1.0,0.004102945327758789,2.136310338973999,0.0438079833984375,0.03945779800415039,0.00033211708068847656,16
82500.0,20.0,41.92,98426.36,5451.64,15926.36,20.58,35.0,35.0,0.0009968280792236328,2.4906344413757324,0.04530453681945801,0.02458500862121582,0.0010018348693847656,6
94780.0,20.0,54.2,110705.96,641.04,15925.96,20.58,24.0,24.0,0.0019974708557128906,3.4132626056671143,0.05234670639038086,0.028758764266967773,0.0010025501251220703,10
