qpu_sampling_time,qpu_anneal_time_per_sample,qpu_readout_time_per_sample,qpu_access_time,qpu_access_overhead_time,qpu_programming_time,qpu_delay_time_per_sample,post_processing_overhead_time,total_post_processing_time,problem_formulation_time,connection_time,embedding_time,response_time,sample_fetch_time,split_index,n
101660.0,20.0,61.08,117585.56,813.44,15925.56,20.58,1.0,1.0,0.0,1.9322509765625,0.04731464385986328,0.08455705642700195,0.0,23
103340.0,20.0,62.76,119097.56,1272.44,15757.56,20.58,1.0,1.0,0.0,2.1061911582946777,0.051756858825683594,0.015630006790161133,0.0,9
73620.0,20.0,33.04,89545.56,426.44,15925.56,20.58,51.0,51.0,0.0,1.9392523765563965,0.0549931526184082,0.022645950317382812,0.0,6
108240.0,20.0,67.66,124165.56,625.44,15925.56,20.58,1.0,1.0,0.002534627914428711,2.0605826377868652,0.05377054214477539,0.03369855880737305,0.0,14
98860.0,20.0,58.28,114785.56,682.44,15925.56,20.58,1.0,1.0,0.0,1.9769811630249023,0.0312502384185791,0.03501176834106445,0.0,7
91620.0,20.0,51.04,107545.56,411.44,15925.56,20.58,15.0,15.0,0.0,1.942582368850708,0.05304145812988281,0.01562976837158203,0.0,7
