qpu_sampling_time,qpu_anneal_time_per_sample,qpu_readout_time_per_sample,qpu_access_time,qpu_access_overhead_time,qpu_programming_time,qpu_delay_time_per_sample,post_processing_overhead_time,total_post_processing_time,problem_formulation_time,connection_time,embedding_time,response_time,sample_fetch_time,split_index,n
84900.0,20.0,44.32,100826.76,1630.24,15926.76,20.58,1.0,1.0,0.00800013542175293,2.2477669715881348,0.04395604133605957,0.2112572193145752,0.0,29
96440.0,20.0,55.86,112366.76,1186.24,15926.76,20.58,1.0,1.0,0.002680540084838867,2.0639913082122803,0.04635500907897949,0.053514719009399414,0.0,16
77220.0,20.0,36.64,93146.36,437.64,15926.36,20.58,1.0,1.0,0.002001047134399414,2.2780418395996094,0.0465235710144043,0.02742147445678711,0.0009968280792236328,6
97940.0,20.0,57.36,113866.36,419.64,15926.36,20.58,47.0,47.0,0.002066373825073242,2.2253308296203613,0.044074058532714844,0.0293123722076416,0.0009984970092773438,10
87000.0,20.0,46.42,102926.36,571.64,15926.36,20.58,1.0,1.0,0.002560853958129883,2.078939914703369,0.04554343223571777,0.037201881408691406,0.0,13
95060.0,20.0,54.48,110986.36,478.64,15926.36,20.58,1.0,1.0,0.002162456512451172,2.0934245586395264,0.04462265968322754,0.02849102020263672,0.000986337661743164,8
