qpu_sampling_time,qpu_anneal_time_per_sample,qpu_readout_time_per_sample,qpu_access_time,qpu_access_overhead_time,qpu_programming_time,qpu_delay_time_per_sample,post_processing_overhead_time,total_post_processing_time,problem_formulation_time,connection_time,embedding_time,response_time,sample_fetch_time,split_index,n
134940.0,20.0,94.36,150697.16,1230.84,15757.16,20.58,1.0,1.0,0.020787477493286133,1.962998390197754,0.05611586570739746,0.11023640632629395,0.0010001659393310547,29
93660.0,20.0,53.08,109585.56,687.44,15925.56,20.58,16.0,16.0,0.0020177364349365234,2.122213840484619,0.05700206756591797,0.0291440486907959,0.0009982585906982422,12
102640.0,20.0,62.06,118397.56,1523.44,15757.56,20.58,74.0,74.0,0.002113819122314453,2.12017822265625,0.0636904239654541,0.022832632064819336,0.0,6
86820.0,20.0,46.24,102745.56,501.44,15925.56,20.58,36.0,36.0,0.0,3.9801697731018066,0.055086374282836914,0.008802652359008789,0.0012149810791015625,6
157620.0,20.0,117.04,173377.96,1344.04,15757.96,20.58,1.0,1.0,0.0,2.1001291275024414,0.05025601387023926,0.03598642349243164,0.0,17
89320.0,20.0,48.74,105245.56,552.44,15925.56,20.58,1.0,1.0,0.0,2.000155210494995,0.05890822410583496,0.024352073669433594,0.0,7
131360.0,20.0,90.78,147117.56,1766.44,15757.56,20.58,1.0,1.0,0.0,1.980724811553955,0.051923274993896484,0.01665329933166504,0.0,10
