qpu_sampling_time,qpu_anneal_time_per_sample,qpu_readout_time_per_sample,qpu_access_time,qpu_access_overhead_time,qpu_programming_time,qpu_delay_time_per_sample,post_processing_overhead_time,total_post_processing_time,problem_formulation_time,connection_time,embedding_time,response_time,sample_fetch_time,split_index,n
113540.0,20.0,72.96,129466.76,968.24,15926.76,20.58,1.0,1.0,0.009488582611083984,2.0698401927948,0.0522160530090332,0.27951931953430176,0.0010044574737548828,34
112080.0,20.0,71.5,128006.36,641.64,15926.36,20.58,1.0,1.0,0.004185914993286133,2.2972769737243652,0.052286624908447266,0.04530906677246094,0.0009918212890625,19
90700.0,20.0,50.12,106625.96,814.04,15925.96,20.58,14.0,14.0,0.002001047134399414,1.9382734298706055,0.05522346496582031,0.02927255630493164,0.0010013580322265625,10
87000.0,20.0,46.42,102926.36,561.64,15926.36,20.58,76.0,76.0,0.003002166748046875,2.2112085819244385,0.051862239837646484,0.02896714210510254,0.0010004043579101562,9
105880.0,20.0,65.3,121642.36,966.64,15762.36,20.58,1.0,1.0,0.003017902374267578,1.9462368488311768,0.05792427062988281,0.038877010345458984,0.0,15
85400.0,20.0,44.82,101326.36,419.64,15926.36,20.58,63.0,63.0,0.0030548572540283203,2.119692325592041,0.05070948600769043,0.025319576263427734,0.0012135505676269531,7
87740.0,20.0,47.16,103665.96,651.04,15925.96,20.58,55.0,55.0,0.0019979476928710938,2.150529146194458,0.05247068405151367,0.028319120407104492,0.001081705093383789,8
