qpu_sampling_time,qpu_anneal_time_per_sample,qpu_readout_time_per_sample,qpu_access_time,qpu_access_overhead_time,qpu_programming_time,qpu_delay_time_per_sample,post_processing_overhead_time,total_post_processing_time,problem_formulation_time,connection_time,embedding_time,response_time,sample_fetch_time,split_index,n
95280.0,20.0,54.7,111205.56,4255.44,15925.56,20.58,1.0,1.0,0.003015756607055664,1.9742579460144043,0.03508353233337402,0.03581809997558594,0.0010061264038085938,7
104560.0,20.0,63.98,120318.76,1434.24,15758.76,20.58,1.0,1.0,0.002096891403198242,1.9428918361663818,0.033351898193359375,0.033150434494018555,0.0,6
