qpu_sampling_time,qpu_anneal_time_per_sample,qpu_readout_time_per_sample,qpu_access_time,qpu_access_overhead_time,qpu_programming_time,qpu_delay_time_per_sample,post_processing_overhead_time,total_post_processing_time,problem_formulation_time,connection_time,embedding_time,response_time,sample_fetch_time,split_index,n
104020.0,20.0,63.44,119945.56,981.44,15925.56,20.58,1.0,1.0,0.016079425811767578,2.100024700164795,0.06651520729064941,0.2787156105041504,0.003505229949951172,35
95700.0,20.0,55.12,111625.56,848.44,15925.56,20.58,1.0,1.0,0.0,2.145798921585083,0.05877494812011719,0.04169940948486328,0.0,19
92400.0,20.0,51.82,108325.96,722.04,15925.96,20.58,1.0,1.0,0.0019614696502685547,2.0026886463165283,0.046905517578125,0.0331873893737793,0.0,9
90960.0,20.0,50.38,106885.56,729.44,15925.56,20.58,1.0,1.0,0.0,2.011544704437256,0.06649255752563477,0.016672134399414062,0.0,10
80220.0,20.0,39.64,96145.56,358.44,15925.56,20.58,48.0,48.0,0.0,2.1755592823028564,0.04992175102233887,0.03368496894836426,0.0,6
95800.0,20.0,55.22,111725.16,785.84,15925.16,20.58,102.0,102.0,0.016319751739501953,1.998971700668335,0.050043344497680664,0.03669333457946777,0.015302658081054688,16
103420.0,20.0,62.84,119345.16,810.84,15925.16,20.58,1.0,1.0,0.0,2.03167462348938,0.0549006462097168,0.029252290725708008,0.0,8
107360.0,20.0,66.78,123285.56,763.44,15925.56,20.58,1.0,1.0,0.002019643783569336,2.1619253158569336,0.053516387939453125,0.03321576118469238,0.0,8
