qpu_sampling_time,qpu_anneal_time_per_sample,qpu_readout_time_per_sample,qpu_access_time,qpu_access_overhead_time,qpu_programming_time,qpu_delay_time_per_sample,post_processing_overhead_time,total_post_processing_time,problem_formulation_time,connection_time,embedding_time,response_time,sample_fetch_time,split_index,n
93260.0,20.0,52.68,109186.36,565.64,15926.36,20.58,46.0,46.0,0.0,2.058638334274292,0.031948089599609375,0.03690028190612793,0.0,7
92680.0,20.0,52.1,108605.96,663.04,15925.96,20.58,1.0,1.0,0.0,2.368201732635498,0.04585456848144531,0.03769946098327637,0.0,11
81180.0,20.0,40.6,97106.36,607.64,15926.36,20.58,1.0,1.0,0.0,2.0402262210845947,0.03616738319396973,0.015524625778198242,0.0,6
