qpu_sampling_time,qpu_anneal_time_per_sample,qpu_readout_time_per_sample,qpu_access_time,qpu_access_overhead_time,qpu_programming_time,qpu_delay_time_per_sample,post_processing_overhead_time,total_post_processing_time,problem_formulation_time,connection_time,embedding_time,response_time,sample_fetch_time,split_index,n
118220.0,20.0,77.64,134146.76,888.24,15926.76,20.58,148.0,148.0,0.0,2.033963680267334,0.03327178955078125,0.08221936225891113,0.001116037368774414,21
112440.0,20.0,71.86,128366.36,852.64,15926.36,20.58,81.0,81.0,0.0,1.8968966007232666,0.03582954406738281,0.032370805740356445,0.0,9
168420.0,20.0,127.84,184182.76,1118.24,15762.76,20.58,1.0,1.0,0.0041582584381103516,2.4199607372283936,0.05007314682006836,0.03462934494018555,0.0,12
92100.0,20.0,51.52,108026.36,395.64,15926.36,20.58,42.0,42.0,0.0,2.0632057189941406,0.06611466407775879,0.03366398811340332,0.0,7
