qpu_sampling_time,qpu_anneal_time_per_sample,qpu_readout_time_per_sample,qpu_access_time,qpu_access_overhead_time,qpu_programming_time,qpu_delay_time_per_sample,post_processing_overhead_time,total_post_processing_time,problem_formulation_time,connection_time,embedding_time,response_time,sample_fetch_time,split_index,n
83280.0,20.0,42.7,99206.36,1056.64,15926.36,20.58,1.0,1.0,0.02324509620666504,2.092177629470825,0.05546998977661133,0.1630558967590332,0.0,27
115760.0,20.0,75.18,131517.56,1383.44,15757.56,20.58,41.0,41.0,0.015705585479736328,2.0796213150024414,0.047479867935180664,0.03308439254760742,0.0,11
85640.0,20.0,45.06,101565.56,486.44,15925.56,20.58,1.0,1.0,0.0020465850830078125,1.9915776252746582,0.06549739837646484,0.018869400024414062,0.0,6
109140.0,20.0,68.56,124897.56,999.44,15757.56,20.58,1.0,1.0,0.0,2.1310062408447266,0.04655766487121582,0.03342390060424805,0.0,16
82480.0,20.0,41.9,98405.56,385.44,15925.56,20.58,68.0,68.0,0.0,1.9832115173339844,0.04987597465515137,0.033447980880737305,0.0011281967163085938,7
91320.0,20.0,50.74,107245.56,600.44,15925.56,20.58,1.0,1.0,0.0019202232360839844,1.9627091884613037,0.05317044258117676,0.030065536499023438,0.0,9
