qpu_sampling_time,qpu_anneal_time_per_sample,qpu_readout_time_per_sample,qpu_access_time,qpu_access_overhead_time,qpu_programming_time,qpu_delay_time_per_sample,post_processing_overhead_time,total_post_processing_time,problem_formulation_time,connection_time,embedding_time,response_time,sample_fetch_time,split_index,n
106040.0,20.0,65.46,121966.76,1020.24,15926.76,20.58,1.0,1.0,0.013504505157470703,2.2278730869293213,0.06375932693481445,0.367725133895874,0.001047372817993164,41
119280.0,20.0,78.7,135206.36,777.64,15926.36,20.58,58.0,58.0,0.0041961669921875,2.550511121749878,0.06308722496032715,0.06342124938964844,0.001032114028930664,21
91540.0,20.0,50.96,107466.76,644.24,15926.76,20.58,1.0,1.0,0.0024788379669189453,2.410665988922119,0.06378030776977539,0.029639005661010742,0.000982046127319336,10
92240.0,20.0,51.66,108166.36,781.64,15926.36,20.58,1.0,1.0,0.0019478797912597656,2.2265124320983887,0.06528520584106445,0.03096628189086914,0.0010204315185546875,11
91740.0,20.0,51.16,107666.36,368.64,15926.36,20.58,1.0,1.0,0.0019881725311279297,2.4131765365600586,0.06472158432006836,0.028615474700927734,0.0,6
110080.0,20.0,69.5,126005.56,708.44,15925.56,20.58,1.0,1.0,0.0031249523162841797,2.4172775745391846,0.06282687187194824,0.04917573928833008,0.00152587890625,20
95740.0,20.0,55.16,111666.76,709.24,15926.76,20.58,1.0,1.0,0.0026574134826660156,2.5355401039123535,0.06062674522399902,0.02842235565185547,0.0010008811950683594,11
88940.0,20.0,48.36,104866.36,635.64,15926.36,20.58,1.0,1.0,0.001360177993774414,2.4376540184020996,0.06248021125793457,0.024918079376220703,0.0,7
93480.0,20.0,52.9,109406.36,472.64,15926.36,20.58,1.0,1.0,0.0020346641540527344,2.425987482070923,0.07259869575500488,0.030373334884643555,0.0009996891021728516,9
