qpu_sampling_time,qpu_anneal_time_per_sample,qpu_readout_time_per_sample,qpu_access_time,qpu_access_overhead_time,qpu_programming_time,qpu_delay_time_per_sample,post_processing_overhead_time,total_post_processing_time,problem_formulation_time,connection_time,embedding_time,response_time,sample_fetch_time,split_index,n
93200.0,20.0,52.62,109125.96,1209.04,15925.96,20.58,1.0,1.0,0.008538484573364258,1.9359793663024902,0.046906471252441406,0.1292872428894043,0.0008859634399414062,30
113320.0,20.0,72.74,129246.36,7027.64,15926.36,20.58,180.0,180.0,0.002529144287109375,2.128735303878784,0.05201292037963867,0.04193997383117676,0.0,16
88500.0,20.0,47.92,104426.36,519.64,15926.36,20.58,1.0,1.0,0.0020356178283691406,1.9567039012908936,0.05147242546081543,0.026041507720947266,0.0010025501251220703,6
91560.0,20.0,50.98,107486.36,577.64,15926.36,20.58,1.0,1.0,0.001998424530029297,2.1439270973205566,0.05467987060546875,0.029158830642700195,0.000997781753540039,10
116500.0,20.0,75.92,132426.36,687.64,15926.36,20.58,1.0,1.0,0.004008769989013672,1.9236125946044922,0.049076080322265625,0.03919816017150879,0.0010006427764892578,14
91120.0,20.0,50.54,107045.96,696.04,15925.96,20.58,1.0,1.0,0.0020003318786621094,2.1123218536376953,0.045033931732177734,0.027251243591308594,0.0,7
78780.0,20.0,38.2,94706.36,595.64,15926.36,20.58,1.0,1.0,0.0021047592163085938,2.1308228969573975,0.04678034782409668,0.026186466217041016,0.000995635986328125,7
