qpu_sampling_time,qpu_anneal_time_per_sample,qpu_readout_time_per_sample,qpu_access_time,qpu_access_overhead_time,qpu_programming_time,qpu_delay_time_per_sample,post_processing_overhead_time,total_post_processing_time,problem_formulation_time,connection_time,embedding_time,response_time,sample_fetch_time,split_index,n
107400.0,20.0,66.82,123325.16,1028.84,15925.16,20.58,88.0,88.0,0.026036739349365234,2.1734554767608643,0.06945371627807617,0.29738640785217285,0.0,39
98780.0,20.0,58.2,114705.16,640.84,15925.16,20.58,14.0,14.0,0.0,2.166780471801758,0.0663917064666748,0.050475358963012695,0.0,21
89400.0,20.0,48.82,105325.96,647.04,15925.96,20.58,1.0,1.0,0.0,2.208301544189453,0.07422518730163574,0.025671005249023438,0.0,10
105440.0,20.0,64.86,121365.56,498.44,15925.56,20.58,1.0,1.0,0.01586151123046875,2.053154945373535,0.06350851058959961,0.01673436164855957,0.0,11
81920.0,20.0,41.34,97845.56,467.44,15925.56,20.58,54.0,54.0,0.0,2.1444027423858643,0.06651902198791504,0.031879425048828125,0.0010657310485839844,6
98100.0,20.0,57.52,114025.56,676.44,15925.56,20.58,1.0,1.0,0.0006878376007080078,1.9968578815460205,0.0759422779083252,0.04036355018615723,0.0,18
90700.0,20.0,50.12,106625.56,634.44,15925.56,20.58,1.0,1.0,0.0,2.1680960655212402,0.06532645225524902,0.03503108024597168,0.0,10
72320.0,20.0,31.74,88245.56,488.44,15925.56,20.58,59.0,59.0,0.0,1.9998607635498047,0.06302714347839355,0.020281076431274414,0.0,6
90860.0,20.0,50.28,106785.56,458.44,15925.56,20.58,1.0,1.0,0.0,2.012307643890381,0.06669235229492188,0.03333473205566406,0.0004451274871826172,8
