qpu_sampling_time,qpu_anneal_time_per_sample,qpu_readout_time_per_sample,qpu_access_time,qpu_access_overhead_time,qpu_programming_time,qpu_delay_time_per_sample,post_processing_overhead_time,total_post_processing_time,problem_formulation_time,connection_time,embedding_time,response_time,sample_fetch_time,split_index,n
129500.0,20.0,88.92,145425.96,559.04,15925.96,20.58,1.0,1.0,0.015617847442626953,2.182487726211548,0.04687762260437012,0.06843852996826172,0.0,21
103080.0,20.0,62.5,118837.56,1682.44,15757.56,20.58,1.0,1.0,0.0,1.9260632991790771,0.05107879638671875,0.01895594596862793,0.0,8
92100.0,20.0,51.52,108025.56,661.44,15925.56,20.58,59.0,59.0,0.0,2.1456637382507324,0.04769539833068848,0.031240463256835938,0.0,13
82740.0,20.0,42.16,98665.56,525.44,15925.56,20.58,56.0,56.0,0.0,2.0788111686706543,0.03037714958190918,0.033745765686035156,0.0,6
107420.0,20.0,66.84,123177.56,1363.44,15757.56,20.58,1.0,1.0,0.0,1.9640190601348877,0.030361413955688477,0.03135824203491211,0.0,7
